Nome;FilePath;Descricao;;
Cara Pulando;../WEB/BibliotecaImagens/carapulando.jpg;DAS;;
cara pulando v2;../WEB/BibliotecaImagens/minapulando.jpg;;;
teste;../WEB/BibliotecaImagens/img.jpg;;;
teste02;../WEB/BibliotecaImagens/download.jpg;;;
teste02;../WEB/BibliotecaImagens/download.jpg;;;
teste;../WEB/BibliotecaImagens/img.jpg;;;
Cara Pulando;../WEB/BibliotecaImagens/carapulando.jpg;DAS;;
Cara Pulando;../WEB/BibliotecaImagens/carapulando.jpg;DAS;;
teste;../WEB/BibliotecaImagens/img.jpg;;;
teste02;../WEB/BibliotecaImagens/download.jpg;;;
;;;;
;;;;
;;;;
;;;;
;;;;
;;;;
;;;;
